Snarl	P_value
>1>2>7	
>1>2>3>5>6	0.2093940996472889
>1>2>4>6	
>1>2<2>1	
>1<3>5>6	
>2>3>5	0.2093940996472889
>0>6>7	
>0>1>*>6>7	0.0658222611099401
>1>2>7	
>1>2>*>5>6	0.0751064850499597
