Snarl	P_value
>1>2>7	N/A
>1>2>3>5>6	0.2987424472523087
>1>2<2>1	N/A
>2>3>5	0.1173490631777916
>0>1>2	0.001628646125175966
>1>2>3	0.1173490631777916
